<?xml version="1.0" encoding="UTF-8"?>
<robot generated="20180625 20:29:29.861" generator="Robot 3.0.4 (Python 2.7.13 on win32)">
<suite source="C:\Users\ahnlab\Google 드라이브\2018\책\Keyword\TestCase\3_1_RFBaseStructure.robot" id="s1" name="3 1 RFBaseStructure">
<kw type="setup" name="TestSuite_SETUP">
<kw name="Log" library="BuiltIn">
<doc>Logs the given message with the given level.</doc>
<arguments>
<arg>1.TestSuite_SETUP</arg>
</arguments>
<msg timestamp="20180625 20:29:31.316" level="INFO">1.TestSuite_SETUP</msg>
<status status="PASS" endtime="20180625 20:29:31.316" starttime="20180625 20:29:31.316"></status>
</kw>
<status status="PASS" endtime="20180625 20:29:31.317" starttime="20180625 20:29:31.315"></status>
</kw>
<test id="s1-t1" name="TC1_RF_SuitePrefix">
<kw type="setup" name="TestCase_SETUP">
<kw name="Log" library="BuiltIn">
<doc>Logs the given message with the given level.</doc>
<arguments>
<arg>2.TestSuite_TestCase_SETUP</arg>
</arguments>
<msg timestamp="20180625 20:29:31.319" level="INFO">2.TestSuite_TestCase_SETUP</msg>
<status status="PASS" endtime="20180625 20:29:31.319" starttime="20180625 20:29:31.318"></status>
</kw>
<status status="PASS" endtime="20180625 20:29:31.319" starttime="20180625 20:29:31.318"></status>
</kw>
<kw name="Log" library="BuiltIn">
<doc>Logs the given message with the given level.</doc>
<arguments>
<arg>only TC</arg>
</arguments>
<msg timestamp="20180625 20:29:31.320" level="INFO">only TC</msg>
<status status="PASS" endtime="20180625 20:29:31.321" starttime="20180625 20:29:31.320"></status>
</kw>
<kw type="teardown" name="TestCase_TEARDOWN">
<kw name="Log" library="BuiltIn">
<doc>Logs the given message with the given level.</doc>
<arguments>
<arg>6.TestSuite_TestCase_TEARDOWN</arg>
</arguments>
<msg timestamp="20180625 20:29:31.322" level="INFO">6.TestSuite_TestCase_TEARDOWN</msg>
<status status="PASS" endtime="20180625 20:29:31.322" starttime="20180625 20:29:31.321"></status>
</kw>
<status status="PASS" endtime="20180625 20:29:31.322" starttime="20180625 20:29:31.321"></status>
</kw>
<tags>
<tag>basic</tag>
</tags>
<timeout value="1 hour 40 minutes 2 seconds"></timeout>
<status status="PASS" endtime="20180625 20:29:31.322" critical="yes" starttime="20180625 20:29:31.317"></status>
</test>
<test id="s1-t2" name="TC2_RF_Variable">
<kw type="setup" name="TestCase_SETUP">
<kw name="Log" library="BuiltIn">
<doc>Logs the given message with the given level.</doc>
<arguments>
<arg>2.TestSuite_TestCase_SETUP</arg>
</arguments>
<msg timestamp="20180625 20:29:31.325" level="INFO">2.TestSuite_TestCase_SETUP</msg>
<status status="PASS" endtime="20180625 20:29:31.325" starttime="20180625 20:29:31.324"></status>
</kw>
<status status="PASS" endtime="20180625 20:29:31.325" starttime="20180625 20:29:31.324"></status>
</kw>
<kw name="Log Many" library="BuiltIn">
<doc>Logs the given messages as separate entries using the INFO level.</doc>
<arguments>
<arg>user name is ${USER_NAME}</arg>
<arg>pass is ${USER_PASS}</arg>
</arguments>
<msg timestamp="20180625 20:29:31.326" level="INFO">user name is robot</msg>
<msg timestamp="20180625 20:29:31.327" level="INFO">pass is secret</msg>
<status status="PASS" endtime="20180625 20:29:31.327" starttime="20180625 20:29:31.326"></status>
</kw>
<kw type="teardown" name="TestCase_TEARDOWN">
<kw name="Log" library="BuiltIn">
<doc>Logs the given message with the given level.</doc>
<arguments>
<arg>6.TestSuite_TestCase_TEARDOWN</arg>
</arguments>
<msg timestamp="20180625 20:29:31.328" level="INFO">6.TestSuite_TestCase_TEARDOWN</msg>
<status status="PASS" endtime="20180625 20:29:31.328" starttime="20180625 20:29:31.328"></status>
</kw>
<status status="PASS" endtime="20180625 20:29:31.328" starttime="20180625 20:29:31.327"></status>
</kw>
<tags>
<tag>basic</tag>
</tags>
<timeout value="1 hour 40 minutes 2 seconds"></timeout>
<status status="PASS" endtime="20180625 20:29:31.328" critical="yes" starttime="20180625 20:29:31.323"></status>
</test>
<test id="s1-t3" name="TC3_RF_UserKeyword">
<kw type="setup" name="TestCase_SETUP">
<kw name="Log" library="BuiltIn">
<doc>Logs the given message with the given level.</doc>
<arguments>
<arg>2.TestSuite_TestCase_SETUP</arg>
</arguments>
<msg timestamp="20180625 20:29:31.331" level="INFO">2.TestSuite_TestCase_SETUP</msg>
<status status="PASS" endtime="20180625 20:29:31.331" starttime="20180625 20:29:31.330"></status>
</kw>
<status status="PASS" endtime="20180625 20:29:31.331" starttime="20180625 20:29:31.330"></status>
</kw>
<kw name="User Keyword">
<doc>example keyword</doc>
<kw name="Log Many" library="BuiltIn">
<doc>Logs the given messages as separate entries using the INFO level.</doc>
<arguments>
<arg>User keyword</arg>
<arg>user name is ${USER_NAME}</arg>
</arguments>
<msg timestamp="20180625 20:29:31.333" level="INFO">User keyword</msg>
<msg timestamp="20180625 20:29:31.333" level="INFO">user name is robot</msg>
<status status="PASS" endtime="20180625 20:29:31.333" starttime="20180625 20:29:31.332"></status>
</kw>
<kw type="teardown" name="Keyword_TEARDOWN">
<kw name="Log" library="BuiltIn">
<doc>Logs the given message with the given level.</doc>
<arguments>
<arg>4. Keyword Teardown</arg>
</arguments>
<msg timestamp="20180625 20:29:31.334" level="INFO">4. Keyword Teardown</msg>
<status status="PASS" endtime="20180625 20:29:31.334" starttime="20180625 20:29:31.334"></status>
</kw>
<status status="PASS" endtime="20180625 20:29:31.335" starttime="20180625 20:29:31.333"></status>
</kw>
<status status="PASS" endtime="20180625 20:29:31.335" starttime="20180625 20:29:31.332"></status>
</kw>
<kw type="teardown" name="TestCase_TEARDOWN">
<kw name="Log" library="BuiltIn">
<doc>Logs the given message with the given level.</doc>
<arguments>
<arg>6.TestSuite_TestCase_TEARDOWN</arg>
</arguments>
<msg timestamp="20180625 20:29:31.336" level="INFO">6.TestSuite_TestCase_TEARDOWN</msg>
<status status="PASS" endtime="20180625 20:29:31.336" starttime="20180625 20:29:31.336"></status>
</kw>
<status status="PASS" endtime="20180625 20:29:31.337" starttime="20180625 20:29:31.335"></status>
</kw>
<tags>
<tag>basic</tag>
</tags>
<timeout value="1 hour 40 minutes 2 seconds"></timeout>
<status status="PASS" endtime="20180625 20:29:31.337" critical="yes" starttime="20180625 20:29:31.329"></status>
</test>
<test id="s1-t4" name="TC4_RF_MyPrefix">
<kw type="setup" name="Example_SETUP">
<kw name="Log" library="BuiltIn">
<doc>Logs the given message with the given level.</doc>
<arguments>
<arg>3.ExampleTC_SETUP</arg>
</arguments>
<msg timestamp="20180625 20:29:31.339" level="INFO">3.ExampleTC_SETUP</msg>
<status status="PASS" endtime="20180625 20:29:31.339" starttime="20180625 20:29:31.338"></status>
</kw>
<status status="PASS" endtime="20180625 20:29:31.340" starttime="20180625 20:29:31.338"></status>
</kw>
<kw name="Log" library="BuiltIn">
<doc>Logs the given message with the given level.</doc>
<arguments>
<arg>UserKeyword running...</arg>
</arguments>
<msg timestamp="20180625 20:29:31.341" level="INFO">UserKeyword running...</msg>
<status status="PASS" endtime="20180625 20:29:31.341" starttime="20180625 20:29:31.340"></status>
</kw>
<kw type="teardown" name="Example_TEARDOWN">
<kw name="Log" library="BuiltIn">
<doc>Logs the given message with the given level.</doc>
<arguments>
<arg>5 .ExampleTC_TEARDOWN</arg>
</arguments>
<msg timestamp="20180625 20:29:31.342" level="INFO">5 .ExampleTC_TEARDOWN</msg>
<status status="PASS" endtime="20180625 20:29:31.342" starttime="20180625 20:29:31.342"></status>
</kw>
<status status="PASS" endtime="20180625 20:29:31.343" starttime="20180625 20:29:31.341"></status>
</kw>
<tags>
<tag>basic</tag>
</tags>
<timeout value="1 hour 40 minutes 2 seconds"></timeout>
<status status="PASS" endtime="20180625 20:29:31.343" critical="yes" starttime="20180625 20:29:31.337"></status>
</test>
<kw type="teardown" name="TestSuite_TEARDOWN">
<kw name="Log" library="BuiltIn">
<doc>Logs the given message with the given level.</doc>
<arguments>
<arg>7.TestSuite_TEARDOWN</arg>
</arguments>
<msg timestamp="20180625 20:29:31.344" level="INFO">7.TestSuite_TEARDOWN</msg>
<status status="PASS" endtime="20180625 20:29:31.345" starttime="20180625 20:29:31.344"></status>
</kw>
<status status="PASS" endtime="20180625 20:29:31.345" starttime="20180625 20:29:31.344"></status>
</kw>
<doc>Keyword Based Automation Test</doc>
<status status="PASS" endtime="20180625 20:29:31.345" starttime="20180625 20:29:29.884"></status>
</suite>
<statistics>
<total>
<stat fail="0" pass="4">Critical Tests</stat>
<stat fail="0" pass="4">All Tests</stat>
</total>
<tag>
<stat fail="0" pass="4">basic</stat>
</tag>
<suite>
<stat fail="0" id="s1" name="3 1 RFBaseStructure" pass="4">3 1 RFBaseStructure</stat>
</suite>
</statistics>
<errors>
</errors>
</robot>
