<?xml version="1.0" encoding="UTF-8"?>
<robot generated="20180902 17:27:20.383" generator="Robot 3.0.3 (Python 2.7.10 on darwin)">
<suite source="/Users/user/Documents/2018/RFbook/Keyword/TestCase/3_1_RFBaseStructure.robot" id="s1" name="3 1 RFBaseStructure">
<kw type="setup" name="TestSuite_SETUP">
<kw name="Log" library="BuiltIn">
<doc>Logs the given message with the given level.</doc>
<arguments>
<arg>1.TestSuite_SETUP</arg>
<arg>console=true</arg>
</arguments>
<msg timestamp="20180902 17:27:20.572" level="INFO">1.TestSuite_SETUP</msg>
<status status="PASS" endtime="20180902 17:27:20.572" starttime="20180902 17:27:20.572"></status>
</kw>
<status status="PASS" endtime="20180902 17:27:20.573" starttime="20180902 17:27:20.571"></status>
</kw>
<test id="s1-t1" name="TC36_Arg_Exit">
<kw type="setup" name="TestCase_SETUP">
<kw name="Log" library="BuiltIn">
<doc>Logs the given message with the given level.</doc>
<arguments>
<arg>2.TestSuite_TestCase_SETUP</arg>
<arg>console=true</arg>
</arguments>
<msg timestamp="20180902 17:27:20.577" level="INFO">2.TestSuite_TestCase_SETUP</msg>
<status status="PASS" endtime="20180902 17:27:20.578" starttime="20180902 17:27:20.577"></status>
</kw>
<status status="PASS" endtime="20180902 17:27:20.578" starttime="20180902 17:27:20.576"></status>
</kw>
<kw name="Log" library="BuiltIn">
<doc>Logs the given message with the given level.</doc>
<arguments>
<arg>the first tc</arg>
<arg>console=true</arg>
</arguments>
<msg timestamp="20180902 17:27:20.579" level="INFO">the first tc</msg>
<status status="PASS" endtime="20180902 17:27:20.579" starttime="20180902 17:27:20.578"></status>
</kw>
<kw name="Fatal Error" library="BuiltIn">
<doc>Stops the whole test execution.</doc>
<msg timestamp="20180902 17:27:20.580" level="FAIL">AssertionError</msg>
<status status="FAIL" endtime="20180902 17:27:20.580" starttime="20180902 17:27:20.579"></status>
</kw>
<kw type="teardown" name="TestCase_TEARDOWN">
<kw name="Log" library="BuiltIn">
<doc>Logs the given message with the given level.</doc>
<arguments>
<arg>6.TestSuite_TestCase_TEARDOWN</arg>
<arg>console=true</arg>
</arguments>
<msg timestamp="20180902 17:27:20.581" level="INFO">6.TestSuite_TestCase_TEARDOWN</msg>
<status status="PASS" endtime="20180902 17:27:20.582" starttime="20180902 17:27:20.581"></status>
</kw>
<status status="PASS" endtime="20180902 17:27:20.582" starttime="20180902 17:27:20.581"></status>
</kw>
<doc>3장 테스트 케이스로 실습시 주의 필요</doc>
<tags>
<tag>basic</tag>
</tags>
<timeout value="1 hour 40 minutes 2 seconds"></timeout>
<status status="FAIL" endtime="20180902 17:27:20.582" critical="yes" starttime="20180902 17:27:20.573">AssertionError</status>
</test>
<test id="s1-t2" name="TC1_RF_TSFixture">
<doc>실습1 RFStructure : 테스트 스윗 픽스쳐 기능 확인</doc>
<tags>
<tag>basic</tag>
<tag>robot-exit</tag>
</tags>
<timeout value="1 hour 40 minutes 2 seconds"></timeout>
<status status="FAIL" endtime="20180902 17:27:20.586" critical="yes" starttime="20180902 17:27:20.583">Test execution stopped due to a fatal error.</status>
</test>
<test id="s1-t3" name="TC2_RF_Variable">
<doc>실습1 RFStructure : 변수값 확인</doc>
<tags>
<tag>basic</tag>
<tag>robot-exit</tag>
</tags>
<timeout value="1 hour 40 minutes 2 seconds"></timeout>
<status status="FAIL" endtime="20180902 17:27:20.589" critical="yes" starttime="20180902 17:27:20.587">Test execution stopped due to a fatal error.</status>
</test>
<test id="s1-t4" name="TC3_RF_UserKeyword">
<doc>실습1 RFStructure  사용자 키워드 사용</doc>
<tags>
<tag>basic</tag>
<tag>robot-exit</tag>
</tags>
<timeout value="1 hour 40 minutes 2 seconds"></timeout>
<status status="FAIL" endtime="20180902 17:27:20.593" critical="yes" starttime="20180902 17:27:20.590">Test execution stopped due to a fatal error.</status>
</test>
<test id="s1-t5" name="TC4_RF_MyFixture">
<doc>실습1 RFStructure : 테스트 케이스 prefix 확인</doc>
<tags>
<tag>basic</tag>
<tag>robot-exit</tag>
</tags>
<timeout value="1 hour 40 minutes 2 seconds"></timeout>
<status status="FAIL" endtime="20180902 17:27:20.598" critical="yes" starttime="20180902 17:27:20.594">Test execution stopped due to a fatal error.</status>
</test>
<test id="s1-t6" name="TC5_RF_TCFixture">
<doc>실습 2 Prefix 사용 오류 : prefix syntax 만 있고 값이 없는 경우</doc>
<tags>
<tag>basic</tag>
<tag>robot-exit</tag>
</tags>
<timeout value="1 hour 40 minutes 2 seconds"></timeout>
<status status="FAIL" endtime="20180902 17:27:20.605" critical="yes" starttime="20180902 17:27:20.599">Test execution stopped due to a fatal error.</status>
</test>
<test id="s1-t7" name="TC6_Arg_Tag_i">
<doc>실습 3 Tag 옵션 i</doc>
<tags>
<tag>basic</tag>
<tag>ex</tag>
<tag>robot-exit</tag>
</tags>
<timeout value="1 hour 40 minutes 2 seconds"></timeout>
<status status="FAIL" endtime="20180902 17:27:20.608" critical="yes" starttime="20180902 17:27:20.606">Test execution stopped due to a fatal error.</status>
</test>
<test id="s1-t8" name="TC7_Arg_Tag_n">
<doc>실습 4 태그 옵션 n</doc>
<tags>
<tag>basic</tag>
<tag>non</tag>
<tag>robot-exit</tag>
</tags>
<timeout value="1 hour 40 minutes 2 seconds"></timeout>
<status status="FAIL" endtime="20180902 17:27:20.611" critical="yes" starttime="20180902 17:27:20.608">Test execution stopped due to a fatal error.</status>
</test>
<test id="s1-t9" name="TC8_Arg_Variable">
<doc>Vaiable example</doc>
<tags>
<tag>basic</tag>
<tag>robot-exit</tag>
<tag>var</tag>
</tags>
<timeout value="1 hour 40 minutes 2 seconds"></timeout>
<status status="FAIL" endtime="20180902 17:27:20.613" critical="yes" starttime="20180902 17:27:20.612">Test execution stopped due to a fatal error.</status>
</test>
<test id="s1-t10" name="TC9_Arg_Log">
<tags>
<tag>basic</tag>
<tag>log</tag>
<tag>robot-exit</tag>
</tags>
<timeout value="1 hour 40 minutes 2 seconds"></timeout>
<status status="FAIL" endtime="20180902 17:27:20.614" critical="yes" starttime="20180902 17:27:20.614">Test execution stopped due to a fatal error.</status>
</test>
<kw type="teardown" name="TestSuite_TEARDOWN">
<kw name="Log" library="BuiltIn">
<doc>Logs the given message with the given level.</doc>
<arguments>
<arg>7.TestSuite_TEARDOWN</arg>
<arg>console=true</arg>
</arguments>
<msg timestamp="20180902 17:27:20.617" level="INFO">7.TestSuite_TEARDOWN</msg>
<status status="PASS" endtime="20180902 17:27:20.617" starttime="20180902 17:27:20.616"></status>
</kw>
<status status="PASS" endtime="20180902 17:27:20.617" starttime="20180902 17:27:20.616"></status>
</kw>
<doc>Keyword Based Automation Test</doc>
<status status="FAIL" endtime="20180902 17:27:20.617" starttime="20180902 17:27:20.386"></status>
</suite>
<statistics>
<total>
<stat fail="10" pass="0">Critical Tests</stat>
<stat fail="10" pass="0">All Tests</stat>
</total>
<tag>
<stat info="combined" fail="1" combined="NOT robot-exit" pass="0">NOT robot-exit</stat>
<stat fail="10" pass="0">basic</stat>
<stat fail="1" pass="0">ex</stat>
<stat fail="1" pass="0">log</stat>
<stat fail="1" pass="0">non</stat>
<stat fail="9" pass="0">robot-exit</stat>
<stat fail="1" pass="0">var</stat>
</tag>
<suite>
<stat fail="10" id="s1" name="3 1 RFBaseStructure" pass="0">3 1 RFBaseStructure</stat>
</suite>
</statistics>
<errors>
<msg timestamp="20180902 17:27:20.557" level="ERROR">Error in file '/Users/user/Documents/2018/RFbook/Keyword/TestCase/Resource/common.robot': Importing test library 'AutoItLibrary' failed: ImportError: No module named AutoItLibrary
Traceback (most recent call last):
  None
PYTHONPATH:
  /usr/local/bin
  /System/Library/Frameworks/Python.framework/Versions/2.7/lib/python27.zip
  /System/Library/Frameworks/Python.framework/Versions/2.7/lib/python2.7
  /System/Library/Frameworks/Python.framework/Versions/2.7/lib/python2.7/plat-darwin
  /System/Library/Frameworks/Python.framework/Versions/2.7/lib/python2.7/plat-mac
  /System/Library/Frameworks/Python.framework/Versions/2.7/lib/python2.7/plat-mac/lib-scriptpackages
  /System/Library/Frameworks/Python.framework/Versions/2.7/Extras/lib/python
  /System/Library/Frameworks/Python.framework/Versions/2.7/lib/python2.7/lib-tk
  /System/Library/Frameworks/Python.framework/Versions/2.7/lib/python2.7/lib-old
  /System/Library/Frameworks/Python.framework/Versions/2.7/lib/python2.7/lib-dynload
  /System/Library/Frameworks/Python.framework/Versions/2.7/Extras/lib/python/PyObjC
  /Library/Python/2.7/site-packages</msg>
<msg timestamp="20180902 17:27:20.558" level="ERROR">Error in file '/Users/user/Documents/2018/RFbook/Keyword/TestCase/Resource/common.robot': Importing test library 'DiffLibrary' failed: ImportError: No module named DiffLibrary
Traceback (most recent call last):
  None
PYTHONPATH:
  /usr/local/bin
  /System/Library/Frameworks/Python.framework/Versions/2.7/lib/python27.zip
  /System/Library/Frameworks/Python.framework/Versions/2.7/lib/python2.7
  /System/Library/Frameworks/Python.framework/Versions/2.7/lib/python2.7/plat-darwin
  /System/Library/Frameworks/Python.framework/Versions/2.7/lib/python2.7/plat-mac
  /System/Library/Frameworks/Python.framework/Versions/2.7/lib/python2.7/plat-mac/lib-scriptpackages
  /System/Library/Frameworks/Python.framework/Versions/2.7/Extras/lib/python
  /System/Library/Frameworks/Python.framework/Versions/2.7/lib/python2.7/lib-tk
  /System/Library/Frameworks/Python.framework/Versions/2.7/lib/python2.7/lib-old
  /System/Library/Frameworks/Python.framework/Versions/2.7/lib/python2.7/lib-dynload
  /System/Library/Frameworks/Python.framework/Versions/2.7/Extras/lib/python/PyObjC
  /Library/Python/2.7/site-packages</msg>
<msg timestamp="20180902 17:27:20.559" level="ERROR">Error in file '/Users/user/Documents/2018/RFbook/Keyword/TestCase/Resource/common.robot': Importing test library 'SSHLibrary' failed: ImportError: No module named SSHLibrary
Traceback (most recent call last):
  None
PYTHONPATH:
  /usr/local/bin
  /System/Library/Frameworks/Python.framework/Versions/2.7/lib/python27.zip
  /System/Library/Frameworks/Python.framework/Versions/2.7/lib/python2.7
  /System/Library/Frameworks/Python.framework/Versions/2.7/lib/python2.7/plat-darwin
  /System/Library/Frameworks/Python.framework/Versions/2.7/lib/python2.7/plat-mac
  /System/Library/Frameworks/Python.framework/Versions/2.7/lib/python2.7/plat-mac/lib-scriptpackages
  /System/Library/Frameworks/Python.framework/Versions/2.7/Extras/lib/python
  /System/Library/Frameworks/Python.framework/Versions/2.7/lib/python2.7/lib-tk
  /System/Library/Frameworks/Python.framework/Versions/2.7/lib/python2.7/lib-old
  /System/Library/Frameworks/Python.framework/Versions/2.7/lib/python2.7/lib-dynload
  /System/Library/Frameworks/Python.framework/Versions/2.7/Extras/lib/python/PyObjC
  /Library/Python/2.7/site-packages</msg>
<msg timestamp="20180902 17:27:20.560" level="ERROR">Error in file '/Users/user/Documents/2018/RFbook/Keyword/TestCase/Resource/common.robot': Importing test library 'Selenium2Library' failed: ImportError: No module named Selenium2Library
Traceback (most recent call last):
  None
PYTHONPATH:
  /usr/local/bin
  /System/Library/Frameworks/Python.framework/Versions/2.7/lib/python27.zip
  /System/Library/Frameworks/Python.framework/Versions/2.7/lib/python2.7
  /System/Library/Frameworks/Python.framework/Versions/2.7/lib/python2.7/plat-darwin
  /System/Library/Frameworks/Python.framework/Versions/2.7/lib/python2.7/plat-mac
  /System/Library/Frameworks/Python.framework/Versions/2.7/lib/python2.7/plat-mac/lib-scriptpackages
  /System/Library/Frameworks/Python.framework/Versions/2.7/Extras/lib/python
  /System/Library/Frameworks/Python.framework/Versions/2.7/lib/python2.7/lib-tk
  /System/Library/Frameworks/Python.framework/Versions/2.7/lib/python2.7/lib-old
  /System/Library/Frameworks/Python.framework/Versions/2.7/lib/python2.7/lib-dynload
  /System/Library/Frameworks/Python.framework/Versions/2.7/Extras/lib/python/PyObjC
  /Library/Python/2.7/site-packages</msg>
<msg timestamp="20180902 17:27:20.561" level="ERROR">Error in file '/Users/user/Documents/2018/RFbook/Keyword/TestCase/Resource/common.robot': Importing test library 'AppiumLibrary' failed: ImportError: No module named AppiumLibrary
Traceback (most recent call last):
  None
PYTHONPATH:
  /usr/local/bin
  /System/Library/Frameworks/Python.framework/Versions/2.7/lib/python27.zip
  /System/Library/Frameworks/Python.framework/Versions/2.7/lib/python2.7
  /System/Library/Frameworks/Python.framework/Versions/2.7/lib/python2.7/plat-darwin
  /System/Library/Frameworks/Python.framework/Versions/2.7/lib/python2.7/plat-mac
  /System/Library/Frameworks/Python.framework/Versions/2.7/lib/python2.7/plat-mac/lib-scriptpackages
  /System/Library/Frameworks/Python.framework/Versions/2.7/Extras/lib/python
  /System/Library/Frameworks/Python.framework/Versions/2.7/lib/python2.7/lib-tk
  /System/Library/Frameworks/Python.framework/Versions/2.7/lib/python2.7/lib-old
  /System/Library/Frameworks/Python.framework/Versions/2.7/lib/python2.7/lib-dynload
  /System/Library/Frameworks/Python.framework/Versions/2.7/Extras/lib/python/PyObjC
  /Library/Python/2.7/site-packages</msg>
<msg timestamp="20180902 17:27:20.562" level="ERROR">Error in file '/Users/user/Documents/2018/RFbook/Keyword/TestCase/Resource/common.robot': Importing test library 'DatabaseLibrary' failed: ImportError: No module named DatabaseLibrary
Traceback (most recent call last):
  None
PYTHONPATH:
  /usr/local/bin
  /System/Library/Frameworks/Python.framework/Versions/2.7/lib/python27.zip
  /System/Library/Frameworks/Python.framework/Versions/2.7/lib/python2.7
  /System/Library/Frameworks/Python.framework/Versions/2.7/lib/python2.7/plat-darwin
  /System/Library/Frameworks/Python.framework/Versions/2.7/lib/python2.7/plat-mac
  /System/Library/Frameworks/Python.framework/Versions/2.7/lib/python2.7/plat-mac/lib-scriptpackages
  /System/Library/Frameworks/Python.framework/Versions/2.7/Extras/lib/python
  /System/Library/Frameworks/Python.framework/Versions/2.7/lib/python2.7/lib-tk
  /System/Library/Frameworks/Python.framework/Versions/2.7/lib/python2.7/lib-old
  /System/Library/Frameworks/Python.framework/Versions/2.7/lib/python2.7/lib-dynload
  /System/Library/Frameworks/Python.framework/Versions/2.7/Extras/lib/python/PyObjC
  /Library/Python/2.7/site-packages</msg>
<msg timestamp="20180902 17:27:20.563" level="ERROR">Error in file '/Users/user/Documents/2018/RFbook/Keyword/TestCase/Resource/common.robot': Importing test library 'PysphereLibrary' failed: ImportError: No module named PysphereLibrary
Traceback (most recent call last):
  None
PYTHONPATH:
  /usr/local/bin
  /System/Library/Frameworks/Python.framework/Versions/2.7/lib/python27.zip
  /System/Library/Frameworks/Python.framework/Versions/2.7/lib/python2.7
  /System/Library/Frameworks/Python.framework/Versions/2.7/lib/python2.7/plat-darwin
  /System/Library/Frameworks/Python.framework/Versions/2.7/lib/python2.7/plat-mac
  /System/Library/Frameworks/Python.framework/Versions/2.7/lib/python2.7/plat-mac/lib-scriptpackages
  /System/Library/Frameworks/Python.framework/Versions/2.7/Extras/lib/python
  /System/Library/Frameworks/Python.framework/Versions/2.7/lib/python2.7/lib-tk
  /System/Library/Frameworks/Python.framework/Versions/2.7/lib/python2.7/lib-old
  /System/Library/Frameworks/Python.framework/Versions/2.7/lib/python2.7/lib-dynload
  /System/Library/Frameworks/Python.framework/Versions/2.7/Extras/lib/python/PyObjC
  /Library/Python/2.7/site-packages</msg>
<msg timestamp="20180902 17:27:20.563" level="ERROR">Error in file '/Users/user/Documents/2018/RFbook/Keyword/TestCase/Resource/common.robot': Importing test library 'FtpLibrary' failed: ImportError: No module named FtpLibrary
Traceback (most recent call last):
  None
PYTHONPATH:
  /usr/local/bin
  /System/Library/Frameworks/Python.framework/Versions/2.7/lib/python27.zip
  /System/Library/Frameworks/Python.framework/Versions/2.7/lib/python2.7
  /System/Library/Frameworks/Python.framework/Versions/2.7/lib/python2.7/plat-darwin
  /System/Library/Frameworks/Python.framework/Versions/2.7/lib/python2.7/plat-mac
  /System/Library/Frameworks/Python.framework/Versions/2.7/lib/python2.7/plat-mac/lib-scriptpackages
  /System/Library/Frameworks/Python.framework/Versions/2.7/Extras/lib/python
  /System/Library/Frameworks/Python.framework/Versions/2.7/lib/python2.7/lib-tk
  /System/Library/Frameworks/Python.framework/Versions/2.7/lib/python2.7/lib-old
  /System/Library/Frameworks/Python.framework/Versions/2.7/lib/python2.7/lib-dynload
  /System/Library/Frameworks/Python.framework/Versions/2.7/Extras/lib/python/PyObjC
  /Library/Python/2.7/site-packages</msg>
<msg timestamp="20180902 17:27:20.564" level="ERROR">Error in file '/Users/user/Documents/2018/RFbook/Keyword/TestCase/Resource/common.robot': Importing test library 'RequestsLibrary' failed: ImportError: No module named RequestsLibrary
Traceback (most recent call last):
  None
PYTHONPATH:
  /usr/local/bin
  /System/Library/Frameworks/Python.framework/Versions/2.7/lib/python27.zip
  /System/Library/Frameworks/Python.framework/Versions/2.7/lib/python2.7
  /System/Library/Frameworks/Python.framework/Versions/2.7/lib/python2.7/plat-darwin
  /System/Library/Frameworks/Python.framework/Versions/2.7/lib/python2.7/plat-mac
  /System/Library/Frameworks/Python.framework/Versions/2.7/lib/python2.7/plat-mac/lib-scriptpackages
  /System/Library/Frameworks/Python.framework/Versions/2.7/Extras/lib/python
  /System/Library/Frameworks/Python.framework/Versions/2.7/lib/python2.7/lib-tk
  /System/Library/Frameworks/Python.framework/Versions/2.7/lib/python2.7/lib-old
  /System/Library/Frameworks/Python.framework/Versions/2.7/lib/python2.7/lib-dynload
  /System/Library/Frameworks/Python.framework/Versions/2.7/Extras/lib/python/PyObjC
  /Library/Python/2.7/site-packages</msg>
<msg timestamp="20180902 17:27:20.565" level="ERROR">Error in file '/Users/user/Documents/2018/RFbook/Keyword/TestCase/Resource/common.robot': Test library 'CalculatorLibrary.py' does not exist.</msg>
<msg timestamp="20180902 17:27:20.566" level="ERROR">Error in file '/Users/user/Documents/2018/RFbook/Keyword/TestCase/Resource/common.robot': Test library 'MyLibrary.py' does not exist.</msg>
<msg timestamp="20180902 17:27:20.567" level="ERROR">Error in file '/Users/user/Documents/2018/RFbook/Keyword/TestCase/Resource/common.robot': Importing test library 'KeywordLibrary' failed: ImportError: No module named KeywordLibrary
Traceback (most recent call last):
  None
PYTHONPATH:
  /usr/local/bin
  /System/Library/Frameworks/Python.framework/Versions/2.7/lib/python27.zip
  /System/Library/Frameworks/Python.framework/Versions/2.7/lib/python2.7
  /System/Library/Frameworks/Python.framework/Versions/2.7/lib/python2.7/plat-darwin
  /System/Library/Frameworks/Python.framework/Versions/2.7/lib/python2.7/plat-mac
  /System/Library/Frameworks/Python.framework/Versions/2.7/lib/python2.7/plat-mac/lib-scriptpackages
  /System/Library/Frameworks/Python.framework/Versions/2.7/Extras/lib/python
  /System/Library/Frameworks/Python.framework/Versions/2.7/lib/python2.7/lib-tk
  /System/Library/Frameworks/Python.framework/Versions/2.7/lib/python2.7/lib-old
  /System/Library/Frameworks/Python.framework/Versions/2.7/lib/python2.7/lib-dynload
  /System/Library/Frameworks/Python.framework/Versions/2.7/Extras/lib/python/PyObjC
  /Library/Python/2.7/site-packages</msg>
</errors>
</robot>
